[{"model": "contenttypes.contenttype", "pk": 1, "fields": {"app_label": "contenttypes", "model": "contenttype"}}, {"model": "contenttypes.contenttype", "pk": 2, "fields": {"app_label": "underTheaterApp", "model": "dayfunction"}}, {"model": "contenttypes.contenttype", "pk": 3, "fields": {"app_label": "underTheaterApp", "model": "theater"}}, {"model": "contenttypes.contenttype", "pk": 4, "fields": {"app_label": "underTheaterApp", "model": "actor"}}, {"model": "contenttypes.contenttype", "pk": 5, "fields": {"app_label": "underTheaterApp", "model": "contact"}}, {"model": "contenttypes.contenttype", "pk": 6, "fields": {"app_label": "underTheaterApp", "model": "playtheater"}}, {"model": "contenttypes.contenttype", "pk": 7, "fields": {"app_label": "underTheaterApp", "model": "datetimefunction"}}, {"model": "contenttypes.contenttype", "pk": 8, "fields": {"app_label": "underTheaterApp", "model": "theaterroom"}}, {"model": "contenttypes.contenttype", "pk": 9, "fields": {"app_label": "underTheaterApp", "model": "ticket"}}, {"model": "contenttypes.contenttype", "pk": 10, "fields": {"app_label": "underTheaterApp", "model": "ticketeable"}}, {"model": "contenttypes.contenttype", "pk": 11, "fields": {"app_label": "address", "model": "country"}}, {"model": "contenttypes.contenttype", "pk": 12, "fields": {"app_label": "address", "model": "state"}}, {"model": "contenttypes.contenttype", "pk": 13, "fields": {"app_label": "address", "model": "locality"}}, {"model": "contenttypes.contenttype", "pk": 14, "fields": {"app_label": "address", "model": "address"}}, {"model": "contenttypes.contenttype", "pk": 15, "fields": {"app_label": "admin", "model": "logentry"}}, {"model": "contenttypes.contenttype", "pk": 16, "fields": {"app_label": "auth", "model": "group"}}, {"model": "contenttypes.contenttype", "pk": 17, "fields": {"app_label": "auth", "model": "permission"}}, {"model": "contenttypes.contenttype", "pk": 18, "fields": {"app_label": "auth", "model": "user"}}, {"model": "contenttypes.contenttype", "pk": 19, "fields": {"app_label": "sessions", "model": "session"}}, {"model": "sessions.session", "pk": "8c06l2r6dnb9o9nboj0gmdiluhvghaka", "fields": {"session_data": "ODE2MDdhYmJhYmNhZTZiNzdjNzU1ZTUyNjM2MWJhMDYxNDlmZmU5NDp7Il9hdXRoX3VzZXJfaGFzaCI6IjU3MWU0NTFmOTVhMjMwNWIzZGU3NzYwOGI5MDRlNjJiOWM2NzhhZjYiLCJfYXV0aF91c2VyX2JhY2tlbmQiOiJkamFuZ28uY29udHJpYi5hdXRoLmJhY2tlbmRzLk1vZGVsQmFja2VuZCIsIl9hdXRoX3VzZXJfaWQiOiIxIn0=", "expire_date": "2016-10-29T00:39:58Z"}}, {"model": "sessions.session", "pk": "geguaerf8jvwesp3hh7pqmc7whutti10", "fields": {"session_data": "ODE2MDdhYmJhYmNhZTZiNzdjNzU1ZTUyNjM2MWJhMDYxNDlmZmU5NDp7Il9hdXRoX3VzZXJfaGFzaCI6IjU3MWU0NTFmOTVhMjMwNWIzZGU3NzYwOGI5MDRlNjJiOWM2NzhhZjYiLCJfYXV0aF91c2VyX2JhY2tlbmQiOiJkamFuZ28uY29udHJpYi5hdXRoLmJhY2tlbmRzLk1vZGVsQmFja2VuZCIsIl9hdXRoX3VzZXJfaWQiOiIxIn0=", "expire_date": "2016-10-29T00:41:57Z"}}, {"model": "sessions.session", "pk": "rik4uan99r8cy1x6luhpv53p0rhpv1sh", "fields": {"session_data": "ZmRkMDdlZWFlNzQ0ZDc0ODRmMDMwZGE5MTliYTQ2OGUzZTRiNDhlNTp7Il9hdXRoX3VzZXJfaGFzaCI6ImEzZTgxMTUwNGIxMjRlZDEyMDFmMDA3YmQ3NDQ4MTIzNjNhMmFhMTMiLCJfYXV0aF91c2VyX2JhY2tlbmQiOiJkamFuZ28uY29udHJpYi5hdXRoLmJhY2tlbmRzLk1vZGVsQmFja2VuZCIsIl9hdXRoX3VzZXJfaWQiOiIyIn0=", "expire_date": "2016-10-29T02:28:57Z"}}, {"model": "underTheaterApp.actor", "pk": 1, "fields": {"name": "Julian"}}, {"model": "underTheaterApp.actor", "pk": 2, "fields": {"name": "Javier"}}, {"model": "underTheaterApp.actor", "pk": 3, "fields": {"name": "Gaston"}}, {"model": "underTheaterApp.actor", "pk": 4, "fields": {"name": "El Enzo"}}, {"model": "underTheaterApp.actor", "pk": 5, "fields": {"name": "Manolito"}}, {"model": "underTheaterApp.actor", "pk": 6, "fields": {"name": "James"}}, {"model": "underTheaterApp.contact", "pk": 1, "fields": {"number_phone": 42522350, "facebook": "ElSue\u00f1o", "address": 1, "share_address": true, "email": "elsuenio@teatro.com"}}, {"model": "underTheaterApp.contact", "pk": 2, "fields": {"number_phone": 1534580923, "facebook": "La covacha", "address": 2, "share_address": true, "email": "Lacovacha@teatro.com"}}, {"model": "underTheaterApp.contact", "pk": 3, "fields": {"number_phone": 42369087, "facebook": "", "address": 3, "share_address": true, "email": "under@teatro.com"}}, {"model": "underTheaterApp.theater", "pk": 1, "fields": {"name": "El sue\u00f1o", "review": "un lugar donde te gusta so\u00f1ar"}}, {"model": "underTheaterApp.theater", "pk": 2, "fields": {"name": "El covacha", "review": "Es un lugar donde todos los sin techo disfrutan"}}, {"model": "underTheaterApp.theater", "pk": 3, "fields": {"name": "El callejon", "review": "un lugar donde los del under viven"}}, {"model": "underTheaterApp.theaterroom", "pk": 1, "fields": {"theater": 3, "capacity": 45, "room_name": "la esquina"}}, {"model": "underTheaterApp.theaterroom", "pk": 2, "fields": {"theater": 3, "capacity": 23, "room_name": "la pared"}}, {"model": "underTheaterApp.theaterroom", "pk": 3, "fields": {"theater": 2, "capacity": 34, "room_name": "principal"}}, {"model": "underTheaterApp.theaterroom", "pk": 4, "fields": {"theater": 1, "capacity": 34, "room_name": "la nube"}}, {"model": "underTheaterApp.theaterroom", "pk": 5, "fields": {"theater": 1, "capacity": 35, "room_name": "el limbo"}}, {"model": "underTheaterApp.ticketeable", "pk": 1, "fields": {"polymorphic_ctype": 6, "topic": "Mirta mirta-None"}}, {"model": "underTheaterApp.ticketeable", "pk": 2, "fields": {"polymorphic_ctype": 2, "topic": "El covacha principal-None"}}, {"model": "underTheaterApp.ticketeable", "pk": 3, "fields": {"polymorphic_ctype": 6, "topic": "Soy un sapo-None"}}, {"model": "underTheaterApp.ticketeable", "pk": 4, "fields": {"polymorphic_ctype": 2, "topic": "El callejon la pared-None"}}, {"model": "underTheaterApp.ticketeable", "pk": 5, "fields": {"polymorphic_ctype": 6, "topic": "Chetisima-None"}}, {"model": "underTheaterApp.ticketeable", "pk": 6, "fields": {"polymorphic_ctype": 2, "topic": "El sue\u00f1o el limbo-None"}}, {"model": "underTheaterApp.ticketeable", "pk": 7, "fields": {"polymorphic_ctype": 6, "topic": "Soy tu fan-None"}}, {"model": "underTheaterApp.ticketeable", "pk": 8, "fields": {"polymorphic_ctype": 2, "topic": "El sue\u00f1o la nube-None"}}, {"model": "underTheaterApp.playtheater", "pk": 1, "fields": {"play_name": "Mirta mirta", "synopsis": "Hay que respetar las jerarqu\u00edas, yo respeto las jerarqu\u00edas. La historia de la diva de los almuerzos, satirizada por el gran elenco de la pared", "picture": "static/playImages/mirtha_legrand2_4DhMbHc.jpg", "actors": [1, 4]}}, {"model": "underTheaterApp.playtheater", "pk": 3, "fields": {"play_name": "Soy un sapo", "synopsis": "Soy un sapo , la \u00faltima obra publicada por Mo Yan y la primera de sus obras traducida por Kailas directamente del chino, ha causado una gran pol\u00e9mica en su pa\u00eds. El autor ha ido \"a donde nadie m\u00e1s lo ha hecho en China: a demonizar la pol\u00edtica del hijo \u00fanico que a\u00fan rige en el pa\u00eds\", explica el peri\u00f3dico Global Times. Mo Yan, un gran maestro de la literatura universal, mantiene intacta su sorprendente capacidad para desafiar a la clase dirigente de su pa\u00eds sin ser encarcelado ni vejado. La pol\u00edtica de planificaci\u00f3n familiar en China ha sido durante mucho tiempo un tema que los escritores no se han atrevido a tocar en sus obras literarias. Rana, el t\u00edtulo, simboliza la multiplicaci\u00f3n de la vida, ya que este anfibio tiene una enorme capacidad para reproducirse. La novela presenta una visi\u00f3n \u00fanica sobre la vida en la China rural desde la perspectiva de una m\u00e9dico de familia, una vez establecida la pol\u00edtica de planificaci\u00f3n familiar.", "picture": "static/playImages/sapo.jpg", "actors": [3, 5]}}, {"model": "underTheaterApp.playtheater", "pk": 5, "fields": {"play_name": "Chetisima", "synopsis": "Historia de la Diva argentina. Reconocida artista sobre todo por su trabajo en la revista nacional. Escandalosa historia de amor y puterio", "picture": "static/playImages/moria.jpg", "actors": [2, 6]}}, {"model": "underTheaterApp.playtheater", "pk": 7, "fields": {"play_name": "Soy tu fan", "synopsis": "La gran historia c\u00f3mica de lo fans de las estrellas mediocres. Un historia realista que cuentan la cruel vida de los tristes fan\u00e1ticos mudiales", "picture": "static/playImages/wanda.jpg", "actors": [3, 4]}}, {"model": "underTheaterApp.datetimefunction", "pk": 1, "fields": {"hour": "[u'0:00', u'0:15', u'2:00']", "until": null, "since": "2016-10-15", "periodic_date": ""}}, {"model": "underTheaterApp.datetimefunction", "pk": 2, "fields": {"hour": "[u'1:00', u'6:30']", "until": "2016-10-19", "since": "2016-10-15", "periodic_date": "[u'Martes', u'Viernes']"}}, {"model": "underTheaterApp.datetimefunction", "pk": 3, "fields": {"hour": "[u'6:45', u'10:00']", "until": null, "since": "2016-10-15", "periodic_date": ""}}, {"model": "underTheaterApp.datetimefunction", "pk": 4, "fields": {"hour": "[u'0:30']", "until": "2016-10-05", "since": "2016-10-03", "periodic_date": "[u'Miercoles', u'Viernes', u'Sabado']"}}, {"model": "underTheaterApp.datetimefunction", "pk": 5, "fields": {"hour": "[u'0:30']", "until": "2016-10-02", "since": "2016-10-02", "periodic_date": "[u'Martes']"}}, {"model": "underTheaterApp.datetimefunction", "pk": 6, "fields": {"hour": "[u'0:45', u'1:00']", "until": null, "since": "2016-10-15", "periodic_date": ""}}, {"model": "underTheaterApp.dayfunction", "pk": 2, "fields": {"theater": 2, "room_theater": 3, "datetime_function": 1, "play_theater": 1}}, {"model": "underTheaterApp.dayfunction", "pk": 4, "fields": {"theater": 3, "room_theater": 2, "datetime_function": 2, "play_theater": 3}}, {"model": "underTheaterApp.dayfunction", "pk": 6, "fields": {"theater": 1, "room_theater": 5, "datetime_function": 3, "play_theater": 5}}, {"model": "underTheaterApp.dayfunction", "pk": 8, "fields": {"theater": 1, "room_theater": 4, "datetime_function": 4, "play_theater": 7}}, {"model": "underTheaterApp.ticket", "pk": 1, "fields": {"ticket_name": "general", "price": "23", "ticketeable": 1}}, {"model": "underTheaterApp.ticket", "pk": 2, "fields": {"ticket_name": "general", "price": "23", "ticketeable": 3}}, {"model": "underTheaterApp.ticket", "pk": 3, "fields": {"ticket_name": "descuento", "price": "2x1", "ticketeable": 3}}, {"model": "underTheaterApp.ticket", "pk": 4, "fields": {"ticket_name": "Jubilados", "price": "gratis", "ticketeable": 5}}, {"model": "underTheaterApp.ticket", "pk": 5, "fields": {"ticket_name": "General", "price": "120", "ticketeable": 5}}, {"model": "underTheaterApp.ticket", "pk": 6, "fields": {"ticket_name": "Principal", "price": "300", "ticketeable": 7}}, {"model": "address.address", "pk": 1, "fields": {"street_number": "", "route": "", "locality": null, "raw": "roque pe\u00f1a 34, Bernal", "formatted": "", "latitude": null, "longitude": null}}, {"model": "address.address", "pk": 2, "fields": {"street_number": "", "route": "", "locality": null, "raw": "Av mitre 23, Avellaneda", "formatted": "", "latitude": null, "longitude": null}}, {"model": "address.address", "pk": 3, "fields": {"street_number": "", "route": "", "locality": null, "raw": "14  345, Berazategui", "formatted": "", "latitude": null, "longitude": null}}, {"model": "auth.permission", "pk": 1, "fields": {"name": "Can add log entry", "content_type": 15, "codename": "add_logentry"}}, {"model": "auth.permission", "pk": 2, "fields": {"name": "Can change log entry", "content_type": 15, "codename": "change_logentry"}}, {"model": "auth.permission", "pk": 3, "fields": {"name": "Can delete log entry", "content_type": 15, "codename": "delete_logentry"}}, {"model": "auth.permission", "pk": 4, "fields": {"name": "Can add group", "content_type": 16, "codename": "add_group"}}, {"model": "auth.permission", "pk": 5, "fields": {"name": "Can change group", "content_type": 16, "codename": "change_group"}}, {"model": "auth.permission", "pk": 6, "fields": {"name": "Can delete group", "content_type": 16, "codename": "delete_group"}}, {"model": "auth.permission", "pk": 7, "fields": {"name": "Can add permission", "content_type": 17, "codename": "add_permission"}}, {"model": "auth.permission", "pk": 8, "fields": {"name": "Can change permission", "content_type": 17, "codename": "change_permission"}}, {"model": "auth.permission", "pk": 9, "fields": {"name": "Can delete permission", "content_type": 17, "codename": "delete_permission"}}, {"model": "auth.permission", "pk": 10, "fields": {"name": "Can add user", "content_type": 18, "codename": "add_user"}}, {"model": "auth.permission", "pk": 11, "fields": {"name": "Can change user", "content_type": 18, "codename": "change_user"}}, {"model": "auth.permission", "pk": 12, "fields": {"name": "Can delete user", "content_type": 18, "codename": "delete_user"}}, {"model": "auth.permission", "pk": 13, "fields": {"name": "Can add content type", "content_type": 1, "codename": "add_contenttype"}}, {"model": "auth.permission", "pk": 14, "fields": {"name": "Can change content type", "content_type": 1, "codename": "change_contenttype"}}, {"model": "auth.permission", "pk": 15, "fields": {"name": "Can delete content type", "content_type": 1, "codename": "delete_contenttype"}}, {"model": "auth.permission", "pk": 16, "fields": {"name": "Can add session", "content_type": 19, "codename": "add_session"}}, {"model": "auth.permission", "pk": 17, "fields": {"name": "Can change session", "content_type": 19, "codename": "change_session"}}, {"model": "auth.permission", "pk": 18, "fields": {"name": "Can delete session", "content_type": 19, "codename": "delete_session"}}, {"model": "auth.permission", "pk": 19, "fields": {"name": "Can add date time function", "content_type": 7, "codename": "add_datetimefunction"}}, {"model": "auth.permission", "pk": 20, "fields": {"name": "Can change date time function", "content_type": 7, "codename": "change_datetimefunction"}}, {"model": "auth.permission", "pk": 21, "fields": {"name": "Can delete date time function", "content_type": 7, "codename": "delete_datetimefunction"}}, {"model": "auth.permission", "pk": 22, "fields": {"name": "Can add ticketeable", "content_type": 10, "codename": "add_ticketeable"}}, {"model": "auth.permission", "pk": 23, "fields": {"name": "Can change ticketeable", "content_type": 10, "codename": "change_ticketeable"}}, {"model": "auth.permission", "pk": 24, "fields": {"name": "Can delete ticketeable", "content_type": 10, "codename": "delete_ticketeable"}}, {"model": "auth.permission", "pk": 25, "fields": {"name": "Can add theater", "content_type": 3, "codename": "add_theater"}}, {"model": "auth.permission", "pk": 26, "fields": {"name": "Can change theater", "content_type": 3, "codename": "change_theater"}}, {"model": "auth.permission", "pk": 27, "fields": {"name": "Can delete theater", "content_type": 3, "codename": "delete_theater"}}, {"model": "auth.permission", "pk": 28, "fields": {"name": "Can add contact", "content_type": 5, "codename": "add_contact"}}, {"model": "auth.permission", "pk": 29, "fields": {"name": "Can change contact", "content_type": 5, "codename": "change_contact"}}, {"model": "auth.permission", "pk": 30, "fields": {"name": "Can delete contact", "content_type": 5, "codename": "delete_contact"}}, {"model": "auth.permission", "pk": 31, "fields": {"name": "Can add theater room", "content_type": 8, "codename": "add_theaterroom"}}, {"model": "auth.permission", "pk": 32, "fields": {"name": "Can change theater room", "content_type": 8, "codename": "change_theaterroom"}}, {"model": "auth.permission", "pk": 33, "fields": {"name": "Can delete theater room", "content_type": 8, "codename": "delete_theaterroom"}}, {"model": "auth.permission", "pk": 34, "fields": {"name": "Can add day function", "content_type": 2, "codename": "add_dayfunction"}}, {"model": "auth.permission", "pk": 35, "fields": {"name": "Can change day function", "content_type": 2, "codename": "change_dayfunction"}}, {"model": "auth.permission", "pk": 36, "fields": {"name": "Can delete day function", "content_type": 2, "codename": "delete_dayfunction"}}, {"model": "auth.permission", "pk": 37, "fields": {"name": "Can add play theater", "content_type": 6, "codename": "add_playtheater"}}, {"model": "auth.permission", "pk": 38, "fields": {"name": "Can change play theater", "content_type": 6, "codename": "change_playtheater"}}, {"model": "auth.permission", "pk": 39, "fields": {"name": "Can delete play theater", "content_type": 6, "codename": "delete_playtheater"}}, {"model": "auth.permission", "pk": 40, "fields": {"name": "Can add ticket", "content_type": 9, "codename": "add_ticket"}}, {"model": "auth.permission", "pk": 41, "fields": {"name": "Can change ticket", "content_type": 9, "codename": "change_ticket"}}, {"model": "auth.permission", "pk": 42, "fields": {"name": "Can delete ticket", "content_type": 9, "codename": "delete_ticket"}}, {"model": "auth.permission", "pk": 43, "fields": {"name": "Can add actor", "content_type": 4, "codename": "add_actor"}}, {"model": "auth.permission", "pk": 44, "fields": {"name": "Can change actor", "content_type": 4, "codename": "change_actor"}}, {"model": "auth.permission", "pk": 45, "fields": {"name": "Can delete actor", "content_type": 4, "codename": "delete_actor"}}, {"model": "auth.permission", "pk": 46, "fields": {"name": "Can add country", "content_type": 11, "codename": "add_country"}}, {"model": "auth.permission", "pk": 47, "fields": {"name": "Can change country", "content_type": 11, "codename": "change_country"}}, {"model": "auth.permission", "pk": 48, "fields": {"name": "Can delete country", "content_type": 11, "codename": "delete_country"}}, {"model": "auth.permission", "pk": 49, "fields": {"name": "Can add state", "content_type": 12, "codename": "add_state"}}, {"model": "auth.permission", "pk": 50, "fields": {"name": "Can change state", "content_type": 12, "codename": "change_state"}}, {"model": "auth.permission", "pk": 51, "fields": {"name": "Can delete state", "content_type": 12, "codename": "delete_state"}}, {"model": "auth.permission", "pk": 52, "fields": {"name": "Can add address", "content_type": 14, "codename": "add_address"}}, {"model": "auth.permission", "pk": 53, "fields": {"name": "Can change address", "content_type": 14, "codename": "change_address"}}, {"model": "auth.permission", "pk": 54, "fields": {"name": "Can delete address", "content_type": 14, "codename": "delete_address"}}, {"model": "auth.permission", "pk": 55, "fields": {"name": "Can add locality", "content_type": 13, "codename": "add_locality"}}, {"model": "auth.permission", "pk": 56, "fields": {"name": "Can change locality", "content_type": 13, "codename": "change_locality"}}, {"model": "auth.permission", "pk": 57, "fields": {"name": "Can delete locality", "content_type": 13, "codename": "delete_locality"}}, {"model": "auth.user", "pk": 1, "fields": {"password": "pbkdf2_sha256$30000$OGBAvQpHXeNA$xCRe+98KycHLx1Ev0zuuLFmkr4Np+P8K/+z0kojzuPo=", "last_login": "2016-10-15T00:41:57Z", "is_superuser": false, "username": "javierperini", "first_name": "", "last_name": "", "email": "unEmail@c.com", "is_staff": false, "is_active": true, "date_joined": "2016-10-15T00:02:14Z", "groups": [], "user_permissions": []}}, {"model": "auth.user", "pk": 2, "fields": {"password": "pbkdf2_sha256$30000$4KCudzi2NY7Q$Y1Cux5vkmSBwxWQ52mZX9ewUFqP9q9MyJMMEqRRbJm0=", "last_login": "2016-10-15T02:28:57Z", "is_superuser": true, "username": "admin_local", "first_name": "", "last_name": "", "email": "admin@c.com", "is_staff": true, "is_active": true, "date_joined": "2016-10-15T00:13:02Z", "groups": [], "user_permissions": []}}, {"model": "admin.logentry", "pk": 1, "fields": {"action_time": "2016-10-15T00:13:32Z", "user": 2, "content_type": 4, "object_id": "1", "object_repr": "Julian", "action_flag": 1, "change_message": "[{\"added\": {}}]"}}, {"model": "admin.logentry", "pk": 2, "fields": {"action_time": "2016-10-15T00:13:39Z", "user": 2, "content_type": 4, "object_id": "2", "object_repr": "Javier", "action_flag": 1, "change_message": "[{\"added\": {}}]"}}, {"model": "admin.logentry", "pk": 3, "fields": {"action_time": "2016-10-15T00:13:45Z", "user": 2, "content_type": 4, "object_id": "3", "object_repr": "Gaston", "action_flag": 1, "change_message": "[{\"added\": {}}]"}}, {"model": "admin.logentry", "pk": 4, "fields": {"action_time": "2016-10-15T00:13:54Z", "user": 2, "content_type": 4, "object_id": "4", "object_repr": "El Enzo", "action_flag": 1, "change_message": "[{\"added\": {}}]"}}, {"model": "admin.logentry", "pk": 5, "fields": {"action_time": "2016-10-15T00:13:59Z", "user": 2, "content_type": 4, "object_id": "5", "object_repr": "Manolito", "action_flag": 1, "change_message": "[{\"added\": {}}]"}}, {"model": "admin.logentry", "pk": 6, "fields": {"action_time": "2016-10-15T00:14:02Z", "user": 2, "content_type": 4, "object_id": "6", "object_repr": "James", "action_flag": 1, "change_message": "[{\"added\": {}}]"}}, {"model": "admin.logentry", "pk": 7, "fields": {"action_time": "2016-10-15T00:15:12Z", "user": 2, "content_type": 14, "object_id": "1", "object_repr": "roque pe\u00f1a 34, Bernal", "action_flag": 1, "change_message": "[{\"added\": {}}]"}}, {"model": "admin.logentry", "pk": 8, "fields": {"action_time": "2016-10-15T00:15:56Z", "user": 2, "content_type": 5, "object_id": "1", "object_repr": "1", "action_flag": 1, "change_message": "[{\"added\": {}}]"}}, {"model": "admin.logentry", "pk": 9, "fields": {"action_time": "2016-10-15T00:16:06Z", "user": 2, "content_type": 3, "object_id": "1", "object_repr": "El sue\u00f1o", "action_flag": 1, "change_message": "[{\"added\": {}}]"}}, {"model": "admin.logentry", "pk": 10, "fields": {"action_time": "2016-10-15T00:17:05Z", "user": 2, "content_type": 14, "object_id": "2", "object_repr": "Av mitre 23, Avellaneda", "action_flag": 1, "change_message": "[{\"added\": {}}]"}}, {"model": "admin.logentry", "pk": 11, "fields": {"action_time": "2016-10-15T00:17:15Z", "user": 2, "content_type": 5, "object_id": "2", "object_repr": "2", "action_flag": 1, "change_message": "[{\"added\": {}}]"}}, {"model": "admin.logentry", "pk": 12, "fields": {"action_time": "2016-10-15T00:17:17Z", "user": 2, "content_type": 3, "object_id": "2", "object_repr": "El covacha", "action_flag": 1, "change_message": "[{\"added\": {}}]"}}, {"model": "admin.logentry", "pk": 13, "fields": {"action_time": "2016-10-15T00:18:22Z", "user": 2, "content_type": 14, "object_id": "3", "object_repr": "14  345, Berazategui", "action_flag": 1, "change_message": "[{\"added\": {}}]"}}, {"model": "admin.logentry", "pk": 14, "fields": {"action_time": "2016-10-15T00:18:36Z", "user": 2, "content_type": 5, "object_id": "3", "object_repr": "3", "action_flag": 1, "change_message": "[{\"added\": {}}]"}}, {"model": "admin.logentry", "pk": 15, "fields": {"action_time": "2016-10-15T00:18:38Z", "user": 2, "content_type": 3, "object_id": "3", "object_repr": "El callejon", "action_flag": 1, "change_message": "[{\"added\": {}}]"}}, {"model": "admin.logentry", "pk": 16, "fields": {"action_time": "2016-10-15T00:18:55Z", "user": 2, "content_type": 8, "object_id": "1", "object_repr": "la esquina", "action_flag": 1, "change_message": "[{\"added\": {}}]"}}, {"model": "admin.logentry", "pk": 17, "fields": {"action_time": "2016-10-15T00:19:05Z", "user": 2, "content_type": 8, "object_id": "2", "object_repr": "la pared", "action_flag": 1, "change_message": "[{\"added\": {}}]"}}, {"model": "admin.logentry", "pk": 18, "fields": {"action_time": "2016-10-15T00:19:13Z", "user": 2, "content_type": 8, "object_id": "3", "object_repr": "principal", "action_flag": 1, "change_message": "[{\"added\": {}}]"}}, {"model": "admin.logentry", "pk": 19, "fields": {"action_time": "2016-10-15T00:19:23Z", "user": 2, "content_type": 8, "object_id": "4", "object_repr": "la nube", "action_flag": 1, "change_message": "[{\"added\": {}}]"}}, {"model": "admin.logentry", "pk": 20, "fields": {"action_time": "2016-10-15T00:19:33Z", "user": 2, "content_type": 8, "object_id": "5", "object_repr": "el limbo", "action_flag": 1, "change_message": "[{\"added\": {}}]"}}, {"model": "admin.logentry", "pk": 21, "fields": {"action_time": "2016-10-15T02:29:16Z", "user": 2, "content_type": 6, "object_id": "9", "object_repr": "Soy tu fan", "action_flag": 3, "change_message": ""}}, {"model": "admin.logentry", "pk": 22, "fields": {"action_time": "2016-10-15T02:29:36Z", "user": 2, "content_type": 6, "object_id": "11", "object_repr": "Chetisima", "action_flag": 3, "change_message": ""}}, {"model": "admin.logentry", "pk": 23, "fields": {"action_time": "2016-10-15T04:17:02Z", "user": 2, "content_type": 6, "object_id": "5", "object_repr": "Chetisima", "action_flag": 2, "change_message": "[{\"changed\": {\"fields\": [\"synopsis\"]}}]"}}, {"model": "admin.logentry", "pk": 24, "fields": {"action_time": "2016-10-15T04:19:00Z", "user": 2, "content_type": 6, "object_id": "1", "object_repr": "Mirta mirta", "action_flag": 2, "change_message": "[{\"changed\": {\"fields\": [\"synopsis\"]}}]"}}, {"model": "admin.logentry", "pk": 25, "fields": {"action_time": "2016-10-15T04:20:46Z", "user": 2, "content_type": 6, "object_id": "7", "object_repr": "Soy tu fan", "action_flag": 2, "change_message": "[{\"changed\": {\"fields\": [\"synopsis\"]}}]"}}, {"model": "admin.logentry", "pk": 26, "fields": {"action_time": "2016-10-15T04:21:48Z", "user": 2, "content_type": 6, "object_id": "3", "object_repr": "Soy un sapo", "action_flag": 2, "change_message": "[{\"changed\": {\"fields\": [\"synopsis\"]}}]"}}]